customer_id,product_id,rating_stars
C706,22539952524,5
C2812,22539952524,5
C1760,19162306143,5
C3313,19162306143,5
C3120,19162306143,5
C1229,19162306143,5
C831,19162306143,5
C2070,20830363716,5
C493,20830363716,5
C2585,20830363716,5
C2917,20830363716,5
C3119,20830363716,5
C2447,23945370118,5
C1418,23945370118,5
C830,23945370118,5
C2360,23945370118,5
C2322,23945370118,5
C1996,23945370118,2
C1951,23951984516,5
C1272,23951984516,5
C001,23951984516,5
C970,23951984516,5
C274,7908414929,5
C226,7908414929,5
C1034,7908414929,5
C3435,7908414929,5
C2811,23974096701,5
C1084,23974096701,5
C1215,23974096701,5
C3201,23974096701,5
C2152,23981301191,5
C2923,23981301191,5
C3389,24834748936,5
C2941,24834748936,5
C2982,27909686866,5
C2259,27909686866,5
C527,27909686866,5
C3173,28974218121,5
C2186,28974218121,5
C1158,28974218121,5
C2386,28974218121,5
C1323,28071151317,5
C2637,28071151317,5
C3175,28071151317,5
C1952,28071151317,5
C1849,28071151317,5
C2481,28071151317,3
C1369,20085282653,5
C2068,20085282653,4
C3141,20085282653,5
C420,20085282653,5
C1746,2194817563,5
C630,2194817563,5
C3279,2194817563,4
C1753,2194817563,5
C1246,2194817563,5
C2413,21881202903,5
C2288,21881202903,5
C283,21484477670,5
C965,21484477670,5
C510,21484477670,5
C1811,21484477670,5
C2551,21484477670,5
C2610,24291289337,5
C2957,24291289337,5
C712,24291289337,5
C2230,24291289337,5
C757,24291289337,5
C1381,24291289337,5
C2219,26262640326,5
C2505,26262640326,5
C3351,26262640326,5
C342,26262640326,5
C2841,26262640326,5
C612,26262640326,5
C381,2079272837,5
C1946,2079272837,5
C2074,2079272837,5
C855,2079272837,5
C149,2079272837,5
C1604,15991948079,5
C949,15991948079,5
C658,15991948079,5
C2555,15991948079,5
C2007,4651286934,5
C1174,4651286934,5
C1665,4651286934,5
C935,4651286934,4
C2857,4651286934,5
C1116,4651286934,5
C541,13493856800,5
C920,13493856800,5
C2975,13493856800,5
C749,13493856800,5
C547,26265985627,5
C2622,24082187115,5
C837,24082187115,5
C3031,24082187115,5
C1879,24082187115,5
C1167,24082187115,5
C3467,28560604039,5
C3138,28560604039,5
C2424,28560604039,5
C3181,28560604039,5
C319,28560604039,5
C3003,16580744180,5
C2521,16580744180,5
C1954,16580744180,5
C1929,25451077506,5
C044,25451077506,5
C945,25451077506,5
C985,25451077506,5
C1772,25451077506,5
C894,6076519677,5
C3282,6076519677,5
C905,6076519677,5
C2104,6076519677,5
C2449,23426714549,5
C877,23426714549,3
C915,23426714549,5
C752,26863413514,5
C3404,26863413514,5
C491,26863413514,5
C483,26863413514,5
C3317,26863413514,5
C609,26863413514,5
C3536,23034519709,5
C1489,23034519709,5
C2038,23034519709,5
C481,23034519709,5
C3051,22653789850,5
C832,22653789850,5
C1807,22653789850,5
C2910,22653789850,5
C2274,22653789850,5
C3520,22653789850,5
C2280,24870635082,5
C3151,24870635082,5
C3018,24870635082,5
C297,24870635082,5
C2307,24870635082,5
C111,24870635082,5
C1598,27300400635,5
C2126,27300400635,5
C455,27300400635,5
C504,27300400635,5
C307,27300400635,5
C2765,20694865547,5
C1254,20694865547,4
C3515,20694865547,5
C1471,24172899664,3
C3035,24172899664,5
C2270,24172899664,5
C3490,24172899664,3
C328,24172899664,5
C880,22870603685,5
C1550,22870603685,5
C1401,22870603685,5
C1500,21560808913,5
C2001,21560808913,5
C3348,21560808913,5
C2018,21560808913,5
C1947,24784131737,5
C1739,24784131737,5
C3211,24784131737,5
C2897,24784131737,5
C2231,24784131737,5
C3158,24784131737,2
C2181,2584379110,5
C3095,2584379110,5
C2524,2584379110,5
C154,2584379110,5
C552,23970614083,5
C2641,23970614083,5
C2106,23970614083,5
C520,23970614083,5
C2100,23970614083,5
C863,23970614083,5
C1440,23940929569,5
C2109,23940929569,5
C3183,23940929569,5
C1817,23940929569,5
C1146,23940929569,5
C2244,26005882154,5
C1483,26005882154,5
C2032,26005882154,5
C130,26005882154,5
C3014,26005882154,5
C2596,25920534430,5
C1704,25920534430,5
C1072,25920534430,5
C2715,25920534430,5
C3217,23950720592,5
C480,23950720592,4
C922,23950720592,4
C774,23950720592,5
C211,23950720592,5
C2909,23950720592,5
C3297,16093534177,5
C1577,16093534177,5
C2059,16093534177,4
C198,16093534177,5
C2467,16093534177,5
C726,16093534177,5
C2209,21093463213,5
C1297,21093463213,5
C082,21093463213,5
C2189,21093463213,5
C567,21093463213,5
C315,9643634292,5
C1203,9643634292,5
C2875,9643634292,5
C3061,9643634292,5
C3503,9643634292,5
C437,23981404359,4
C1150,23981404359,5
C1070,23981404359,5
C497,23981404359,4
C2594,23981404359,5
C2250,23978303450,5
C2732,23978303450,5
C656,23978303450,5
C701,23951635416,5
C958,23951635416,4
C3238,23951635416,5
C1374,23951635416,5
C1885,23953446030,5
C056,23953446030,5
C3388,23953446030,5
C548,23953446030,5
C671,23953446030,5
C257,23953446030,5
C776,23969997108,5
C1327,23969997108,5
C2205,23969997108,5
C2043,23969997108,5
C1582,23969997108,5
C2188,23969997108,5
C2905,25304878331,5
C2247,25304878331,5
C2120,25304878331,5
C620,16280627965,5
C3100,16280627965,5
C509,16280627965,5
C2057,16280627965,5
C2253,16280627965,5
C1776,29101852987,5
C2924,29101852987,5
C1490,24678078064,5
C2003,24678078064,5
C125,24678078064,5
C1051,24678078064,5
C035,24678078064,5
C2073,24114075190,5
C3339,24114075190,5
C1965,24114075190,5
C3026,24114075190,5
C582,23372206763,5
C132,23372206763,5
C1917,23372206763,5
C3384,23372206763,5
C3294,17220495357,5
C909,17220495357,5
C2293,17220495357,5
C2399,23975208076,5
C1914,23975208076,2
C2404,23975208076,4
C1913,20485517352,5
C171,20485517352,5
C2026,20485517352,5
C1140,20485517352,5
C058,18359285927,5
C159,18359285927,5
C2169,18359285927,5
C1839,23976867101,5
C2743,23976867101,5
C2542,23976867101,5
C716,23976867101,5
C3505,23976867101,5
C1362,23969225644,5
C695,23969225644,4
C576,23969225644,5
C3106,23969225644,5
C884,23969225644,5
C2781,29753170392,5
C294,29753170392,5
C3476,29753170392,5
C458,29753170392,5
C477,29753170392,5
C3355,25250022639,5
C157,25250022639,5
C3257,25250022639,5
C454,25250022639,5
C2069,25250022639,5
C399,25250022639,5
C2589,23946470717,5
C1466,23946470717,5
C2940,23946470717,5
C194,20458054392,5
C2486,20458054392,5
C067,20458054392,5
C3418,20458054392,5
C1306,20458054392,5
C1968,19001840205,5
C3214,19001840205,5
C916,19001840205,5
C1154,19001840205,5
C1563,19001840205,5
C163,19001840205,5
C895,23933706489,5
C331,23933706489,5
C1145,23933706489,5
C991,23933706489,5
C2489,23933706489,5
C1615,11999964526,5
C2578,23950061907,5
C2300,23950061907,5
C3311,23950061907,5
C1702,17282071067,5
C1427,17282071067,5
C2369,17282071067,5
C943,17282071067,5
C2948,4072004520,5
C2826,4072004520,5
C2246,4072004520,5
C1721,4072004520,5
C1241,21364827447,5
C1983,21364827447,5
C1835,21364827447,5
C983,21364827447,5
C2159,21364827447,5
C573,24376774382,5
C251,24376774382,5
C1748,24376774382,5
C1515,13991125197,5
C1971,13991125197,5
C1584,22438200753,5
C911,22438200753,5
C1358,1244123711,5
C2292,1244123711,3
C143,1244123711,3
C2306,1244123711,5
C2601,1244123711,5
C2633,26118600259,5
C704,26118600259,5
C031,26118600259,5
C2916,26118600259,5
C2178,29855544181,5
C2383,29855544181,5
C1257,29855544181,5
C088,29855544181,5
C3477,29855544181,5
C2503,27354571292,5
C1429,27354571292,5
C076,27354571292,5
C3470,27354571292,5
C3205,27354571292,4
C2993,17160464831,5
C2654,17160464831,5
C3049,17160464831,5
C793,17160464831,5
C1734,17160464831,5
C1765,26800146449,5
C661,26800146449,5
C872,26800146449,5
C2419,15697964401,5
C1672,15697964401,5
C1912,15697964401,5
C3254,15697964401,5
C3363,15697964401,5
C2113,28663786617,5
C3526,28663786617,5
C3156,28663786617,5
C796,28663786617,5
C2514,28663786617,5
C2453,29755069569,5
C2338,29755069569,5
C3104,29755069569,5
C1195,29755069569,5
C3449,29755069569,5
C3164,8178876723,5
C2242,8178876723,5
C1043,8178876723,5
C3116,8178876723,3
C2967,8178876723,5
C423,8178876723,5
C1403,1622441772,5
C3020,1622441772,5
C1135,1622441772,5
C405,1622441772,5
C3410,1622441772,5
C1571,24472284663,5
C3004,24472284663,5
C1822,26106176152,5
C2190,26106176152,5
C1851,26106176152,5
C017,26106176152,2
C1458,26106176152,5
C408,21212026220,5
C1287,21212026220,5
C1503,21212026220,5
C2890,21212026220,5
C055,21212026220,5
C698,28200006559,5
C1727,28200006559,5
C3099,28200006559,5
C2808,28200006559,5
C3024,1086370772,5
C3434,1086370772,5
C2156,1086370772,5
C3248,1086370772,5
C190,23913136743,4
C798,23913136743,5
C2336,23913136743,5
C3079,15290636007,5
C323,15290636007,5
C2443,15290636007,5
C506,15290636007,5
C1019,8818296433,5
C3368,8818296433,5
C1216,8818296433,5
C019,8818296433,5
C3387,28776756271,5
C3091,28776756271,5
C353,28776756271,5
C2767,28776756271,5
C696,28776756271,5
C2684,23976821789,5
C2056,23976821789,5
C3189,23976821789,5
C1667,23976821789,5
C1724,23976821789,5
C2465,24113573427,5
C2955,24113573427,5
C2462,24113573427,5
C2618,24113573427,5
C528,24113573427,5
C682,24113573427,5
C2764,24115461900,5
C317,24115461900,5
C1036,26467952898,5
C496,26467952898,5
C2725,26467952898,5
C709,26467952898,5
C3041,23926869599,5
C1082,23926869599,5
C142,23926869599,5
C1797,23926869599,5
C3113,23926869599,5
C3441,23926869599,5
C2860,21965696134,5
C1083,21965696134,5
C950,21965696134,5
C1967,21965696134,5
C3537,21965696134,5
C330,29357634608,5
C961,29357634608,5
C1428,29357634608,5
C028,29357634608,5
C2945,29357634608,5
C735,23951058874,5
C124,23951058874,5
C1379,23951058874,5
C2607,23951058874,5
C487,23951058874,5
C2537,23951058874,5
C2782,24467373461,5
C666,24467373461,5
C1607,27050166070,5
C2533,27050166070,5
C3272,27050166070,5
C2339,27050166070,5
C2762,27050166070,4
C1417,27050166070,5
C2284,25701767495,5
C3266,25701767495,5
C1057,25701767495,5
C2704,25701767495,5
C450,25701767495,5
C1344,23953936239,5
C1438,23953936239,5
C3271,23953936239,5
C1194,23953936239,5
C292,23953936239,5
C427,23953936239,4
C2134,18192506204,5
C230,18192506204,5
C765,18192506204,5
C1705,18192506204,5
C2264,18192506204,5
C3318,18192506204,5
C1499,24303231503,5
C2487,24303231503,5
C442,24303231503,3
C659,24303231503,5
C948,24303231503,5
C2235,17390776570,5
C2772,17390776570,5
C1982,17390776570,5
C900,17390776570,5
C3060,17390776570,5
C182,17390776570,5
C409,1577295673,5
C2777,1577295673,5
C1482,23968619476,5
C1026,23968619476,5
C621,23968619476,5
C3376,23968619476,5
C1196,23968619476,5
C093,25805496472,5
C2257,25805496472,5
C1493,28855175515,5
C3305,28855175515,5
C791,28855175515,5
C227,27353728410,5
C451,27353728410,5
C388,27353728410,5
C2078,27353728410,5
C2847,11076108570,5
C2411,11076108570,5
C1528,11076108570,5
C808,11076108570,5
C3038,11076108570,5
C1904,11076108570,5
C2846,14699395570,2
C165,14699395570,4
C2279,14699395570,3
C2657,14699395570,1
C3323,22464770629,5
C336,22464770629,5
C516,22464770629,5
C518,22464770629,3
C1809,25878956847,5
C1881,25878956847,5
C032,25878956847,5
C827,25878956847,5
C532,25878956847,5
C2790,16692138814,5
C919,16692138814,5
C178,16692138814,4
C1400,22447378638,5
C2177,22447378638,5
C1664,22447378638,1
C1663,22447378638,5
C2039,22447378638,5
C1180,23946387196,5
C042,23946387196,5
C1285,23946387196,5
C3429,23946387196,5
C1553,22554922327,5
C1857,22554922327,1
C2466,29451957060,5
C1354,29451957060,5
C1477,29451957060,4
C1198,29451957060,1
C955,29451957060,5
C495,25469897633,5
C2876,25469897633,5
C1449,25469897633,5
C619,25469897633,5
C3321,25469897633,5
C1833,25469897633,5
C1670,29766526429,5
C1944,29766526429,5
C3066,29766526429,5
C838,29766526429,5
C2851,23688133292,5
C075,23688133292,5
C1905,23688133292,5
C3270,23688133292,5
C1153,23688133292,5
C956,19878694989,5
C430,19878694989,5
C3330,19878694989,5
C2577,19878694989,5
C189,19878694989,5
C1177,4645193129,5
C2645,4645193129,5
C3277,4645193129,5
C3032,4645193129,5
C1453,4645193129,5
C1009,4645193129,5
C1651,22115151949,5
C2976,22115151949,5
C2615,22115151949,5
C1242,22115151949,5
C1373,22115151949,5
C703,22115151949,5
C3412,23967255195,5
C174,23967255195,5
C2429,23967255195,5
C2265,23967255195,5
C140,23967255195,5
C2530,23967255195,5
C2221,26100758356,5
C012,26100758356,5
C2749,26100758356,5
C2611,26100758356,5
C240,26100758356,5
C1152,29759643152,5
C3362,21304591524,5
C785,21304591524,5
C1024,21304591524,5
C1820,21304591524,5
C3309,25018113959,5
C3251,25018113959,5
C3044,25018113959,5
C2779,25018113959,5
C1720,23979513001,5
C1824,22924555579,5
C1926,29156684514,5
C2048,29156684514,5
C2893,29156684514,5
C535,29156684514,5
C3364,29156684514,4
C1079,27153087172,5
C277,27153087172,5
C2493,27153087172,5
C3281,27153087172,5
C1661,27153087172,5
C2295,20987539053,5
C1867,20987539053,5
C3177,20987539053,5
C524,20987539053,5
C2233,23138893776,5
C2682,23138893776,5
C2938,23138893776,5
C248,23138893776,5
C3063,23138893776,4
C690,23138893776,5
C1419,7581372990,5
C1683,7581372990,5
C841,7581372990,5
C1959,7581372990,5
C2415,7581372990,5
C1639,7581372990,5
C2174,29853158300,5
C2374,29853158300,5
C112,29853158300,5
C2709,29853158300,5
C2643,29853158300,5
C592,28000436466,5
C1054,28000436466,5
C3042,28000436466,5
C1133,28000436466,5
C3045,28000436466,5
C3136,28000436466,5
C1740,29020028121,5
C115,29020028121,5
C2900,29020028121,5
C2045,29020028121,3
C813,29020028121,5
C3430,26103278093,5
C3534,26103278093,5
C3442,26103278093,5
C051,26103278093,5
C1290,26103278093,5
C084,26103278093,5
C568,23974728950,5
C1377,23974728950,5
C2678,23974728950,5
C994,23974728950,5
C501,23974728950,5
C037,17341524810,5
C461,17341524810,5
C989,17341524810,5
C2523,22513273426,5
C2055,22513273426,5
C852,22513273426,5
C305,19234625236,5
C1591,19234625236,5
C2325,19234625236,5
C1850,19234625236,5
C2200,19234625236,5
C3284,19234625236,5
C1918,20863409647,5
C2866,20863409647,5
C1687,20863409647,5
C1425,20863409647,5
C1338,20863409647,5
C1878,20863409647,5
C101,22647693665,5
C361,22647693665,5
C2753,22647693665,5
C2688,22647693665,5
C3372,22647693665,5
C721,3892194209,5
C2539,3892194209,5
C1130,3892194209,5
C3043,3892194209,5
C1764,23923326462,5
C3159,23923326462,5
C3432,23923326462,5
C3440,25832526544,5
C1846,25832526544,5
C2834,25832526544,5
C1707,25832526544,5
C2742,25832526544,5
C848,25832526544,5
C1927,28058272866,5
C876,18091630702,5
C2911,18091630702,5
C586,11862899228,5
C2353,11862899228,5
C3070,11862899228,5
C3501,11862899228,5
C3374,11862899228,5
C805,16096540701,5
C1422,16096540701,5
C1342,16096540701,5
C2878,16096540701,5
C1605,16096540701,5
C2208,27953019591,5
C267,27953019591,5
C339,27953019591,5
C3219,27953019591,5
C1637,27953019591,5
C1725,22964145937,5
C2535,22964145937,5
C2213,22964145937,5
C932,25972949692,5
C1283,27310792196,5
C1204,27310792196,5
C1208,27310792196,5
C3190,27310792196,5
C1985,25883362429,4
C1674,25883362429,5
C1295,25883362429,5
C2813,25883362429,5
C3052,25883362429,5
C2747,25883362429,5
C1391,16299701373,5
C825,16299701373,5
C2479,16299701373,5
C1470,22623044745,5
C2170,22623044745,5
C2450,22623044745,5
C232,22623044745,5
C466,23968759652,5
C3234,23968759652,5
C1749,20434475683,5
C3016,24484514747,5
C2430,24484514747,5
C903,24484514747,5
C842,24484514747,5
C090,24484514747,5
C3258,24484514747,5
C2560,26056262737,5
C030,26056262737,5
C259,26056262737,5
C2154,23964642096,5
C1108,23964642096,5
C1999,23964642096,5
C3491,23964642096,5
C3436,23964642096,5
C2969,23980185194,5
C686,23980185194,5
C3013,25860279388,5
C1902,25860279388,5
C1997,25860279388,5
C2358,25860279388,5
C2276,25860279388,5
C3110,23976356774,5
C1643,23976356774,5
C462,23976356774,5
C2323,23976356774,5
C1995,23976356774,5
C2881,18378427881,3
C306,18378427881,5
C2058,18378427881,5
C1626,18378427881,5
C1511,18378427881,4
C2671,18378427881,5
C2915,18082319062,5
C412,18082319062,5
C086,18082319062,5
C505,18082319062,5
C1437,18082319062,5
C233,29659743697,5
C3178,29659743697,5
C2319,29659743697,5
C670,29659743697,5
C3357,24970409072,5
C2393,24970409072,5
C685,24970409072,5
C3127,24970409072,5
C3444,24970409072,5
C036,25706970825,5
C2528,25706970825,5
C1873,25706970825,5
C1886,1667525517,5
C3474,1667525517,5
C546,1667525517,5
C3140,1667525517,5
C1759,2302089638,5
C2701,2302089638,5
C346,2302089638,5
C1225,2302089638,5
C1766,2302089638,5
C116,28356557585,5
C1803,28356557585,5
C1456,28356557585,5
C489,28356557585,5
C1280,28356557585,2
C862,16499102850,5
C1506,16499102850,4
C2232,16499102850,5
C2382,16499102850,5
C888,24673791233,5
C3423,24673791233,5
C1588,24673791233,5
C522,24673791233,5
C964,24673791233,5
C1081,10694860221,5
C3428,10694860221,5
C2099,28153814605,5
C2625,28153814605,5
C2388,28153814605,5
C2979,28153814605,5
C669,28153814605,5
C092,28153814605,5
C1614,27625315291,5
C923,27625315291,5
C2127,27625315291,5
C1385,27625315291,5
C1099,15309987891,5
C2730,15309987891,5
C3478,15309987891,5
C2428,15309987891,5
C2943,23071661530,5
C1192,23071661530,5
C3195,23071661530,5
C1122,23071661530,5
C1662,24833162700,5
C269,24833162700,4
C1006,24833162700,4
C750,24833162700,5
C1684,24833162700,5
C840,23904431757,5
C1948,23904431757,5
C2052,23904431757,5
C1478,24483128300,5
C3123,24483128300,5
C2158,24483128300,5
C1372,14353387028,4
C1845,14353387028,5
C976,14353387028,4
C3221,14353387028,5
C1301,14353387028,5
C244,3343494812,5
C1123,3343494812,5
C531,3343494812,5
C2275,4270692171,5
C780,4270692171,5
C875,4270692171,5
C1802,4270692171,5
C778,4270692171,5
C1365,23968140438,5
C231,23968140438,5
C1314,23968140438,5
C2769,23968140438,5
C631,23968140438,5
C2581,23968140438,5
C937,8641581442,5
C2218,8641581442,5
C777,8641581442,5
C622,8641581442,5
C266,8641581442,5
C668,8641581442,5
C643,29610270812,5
C3378,29610270812,5
C1221,29610270812,5
C1426,29610270812,5
C938,24519955513,5
C2549,24519955513,5
C1360,24519955513,5
C779,24519955513,5
C1244,20475514943,5
C756,20475514943,5
C587,20475514943,4
C899,20475514943,5
C1531,12244952276,5
C2409,12244952276,5
C413,12244952276,5
C655,12244952276,5
C369,16595582890,5
C672,16595582890,5
C1218,16595582890,5
C3516,16595582890,5
C1698,16595582890,5
C1077,23967285891,5
C1461,23967285891,5
C2962,23967285891,5
C1460,23967285891,5
C2357,23967285891,5
C3086,23967285891,5
C850,23975795449,5
C2224,23975795449,5
C1136,23975795449,5
C559,23975795449,5
C758,23975795449,4
C1105,16690323024,5
C2412,16690323024,5
C598,16690323024,5
C3353,16690323024,5
C723,16690323024,5
C3046,16690323024,5
C1962,23980796531,5
C1887,23980796531,5
C3495,23980796531,5
C1434,23980796531,5
C2236,23972875015,5
C536,23972875015,5
C1304,23972875015,5
C3188,23972875015,5
C540,23972875015,5
C148,23972875015,5
C2329,5132299015,4
C1269,5132299015,5
C1049,5132299015,5
C1595,5132299015,5
C3134,5132299015,5
C657,23927169461,5
C1098,23927169461,5
C2343,23927169461,5
C2044,29061946202,5
C2554,29061946202,5
C2344,29061946202,5
C2269,29100353309,5
C2260,29100353309,5
C1172,29100353309,5
C3452,29100353309,5
C2422,29100353309,5
C1830,29100353309,5
C3181,26260392199,5
C674,21370355483,5
C2432,21370355483,5
C071,25631200335,5
C168,25631200335,5
C819,25631200335,5
C304,25631200335,5
C1256,5842386617,5
C1266,5842386617,5
C2223,5842386617,5
C3307,5842386617,5
C1771,9921698874,5
C843,9921698874,5
C1367,9921698874,5
C795,19769485085,5
C782,29911465981,5
C2706,29911465981,5
C1751,29911465981,5
C944,29911465981,5
C3479,29911465981,5
C847,29911465981,5
C2598,9141825632,5
C2359,9141825632,5
C2385,9141825632,5
C3102,9141825632,5
C2676,9141825632,5
C488,21293017715,5
C684,21293017715,5
C2371,21293017715,5
C2025,21293017715,5
C329,25928593867,5
C2951,25928593867,5
C2946,25928593867,5
C2843,25928593867,2
C1858,25928593867,5
C2620,25928593867,5
C2256,26460421590,5
C3269,13616701243,5
C2983,13616701243,5
C3475,13616701243,5
C1894,13616701243,5
C549,7418027519,5
C1533,7418027519,5
C2014,7418027519,5
C2712,7418027519,5
C2117,7418027519,5
C1033,7418027519,5
C1044,29356423900,5
C2799,29356423900,5
C1992,29356423900,5
C3122,29356423900,5
C2083,29356423900,5
C583,21289674277,5
C2289,21289674277,5
C2373,21289674277,5
C1349,21289674277,5
C1050,21289674277,5
C2085,24076756099,5
C639,24076756099,5
C1442,24076756099,5
C2089,24076756099,5
C2440,24076756099,5
C2748,24076756099,4
C1543,9543673100,5
C2627,9543673100,5
C1064,9543673100,5
C375,9543673100,5
C908,10260136316,5
C2520,10260136316,5
C912,10260136316,5
C364,25983730400,5
C3301,25983730400,5
C2375,18794426356,5
C1164,18794426356,5
C2263,21392146370,5
C027,21392146370,5
C764,21392146370,4
C038,23927255629,5
C1731,23927255629,5
C732,23927255629,5
C386,23927255629,5
C1649,23927255629,5
C2817,22746010122,5
C1552,23981435475,5
C1273,23981435475,5
C392,23981435475,5
C2994,23981435475,5
C434,23981435475,5
C1058,23849247118,5
C1679,23849247118,1
C1412,23849247118,2
C419,23849247118,5
C155,23849247118,5
C284,23849247118,5
C2896,22780311718,5
C2891,22780311718,5
C2531,22780311718,5
C2705,22780311718,5
C693,22780311718,4
C1513,22780311718,5
C1326,25233598994,5
C1421,25233598994,5
C2818,25233598994,5
C2998,25233598994,5
C2608,10811856241,5
C588,10811856241,5
C1319,10811856241,5
C2906,10811856241,5
C1906,10811856241,4
C278,22579287343,5
C761,22579287343,5
C3349,22579287343,5
C096,22579287343,5
C1288,29304606486,5
C1444,29304606486,5
C2477,29304606486,5
C2122,29304606486,5
C099,24034197714,5
C2155,24034197714,5
C2800,24034197714,5
C3473,24034197714,5
C1808,9132475737,5
C1255,9132475737,5
C2318,9132475737,5
C2675,23700020037,5
C1268,23700020037,5
C2138,23700020037,5
C228,23700020037,5
C3381,23700020037,5
C1599,23941883514,5
C2499,23941883514,5
C815,23941883514,5
C3300,23974167741,5
C1935,23974167741,5
C3295,23974167741,4
C440,23974167741,5
C2734,23974167741,5
C2653,23974167741,5
C751,14496766921,5
C207,14496766921,5
C1876,14496766921,5
C404,14496766921,4
C2405,24310645196,5
C2832,24310645196,5
C1522,24310645196,5
C1804,24310645196,5
C249,24310645196,5
C2516,1600620445,5
C2191,1600620445,5
C2496,27562929219,5
C1296,27562929219,5
C3028,27562929219,5
C611,27562929219,5
C2783,27562929219,5
C2364,28320321209,5
C2763,28320321209,5
C1921,28320321209,5
C1337,28320321209,5
C839,28320321209,5
C1706,29509797132,5
C289,29509797132,5
C1726,3548592085,5
C2921,3548592085,5
C1956,22442440461,5
C1554,22442440461,5
C2838,22442440461,5
C3187,22442440461,5
C1855,22442440461,5
C637,22442440461,5
C177,19644948499,5
C623,19644948499,5
C1514,19644948499,4
C1340,19644948499,5
C287,19644948499,5
C1320,19644948499,5
C362,25950626418,5
C3427,25950626418,5
C169,25950626418,5
C2925,25950626418,5
C1132,24933901360,5
C2317,24933901360,5
C1048,24933901360,5
C534,24933901360,5
C2150,5320988054,5
C396,5320988054,5
C1193,5320988054,5
C205,5320988054,5
C601,5320988054,5
C2066,5320988054,5
C1793,25251310625,5
C3373,25251310625,5
C144,25251310625,5
C3124,23624151056,5
C3139,23624151056,5
C1800,23624151056,5
C2046,23624151056,1
C3359,23624151056,5
C3017,23624151056,5
C1504,23759162153,5
C2593,23759162153,5
C245,23759162153,5
C2308,23759162153,5
C3485,23759162153,5
C073,23759162153,5
C1943,29159638626,5
C2619,29159638626,5
C1232,29159638626,5
C2791,29159638626,5
C2864,10077298370,5
C2919,10077298370,5
C2750,10077298370,5
C1435,10077298370,5
C3179,10077298370,5
C593,7178826249,5
C879,7178826249,5
C1510,18991415530,5
C1330,18991415530,5
C2605,18991415530,5
C1574,18991415530,5
C3172,23946147292,5
C665,23946147292,5
C2985,23946147292,5
C216,23946147292,5
C823,23946147292,5
C355,23946147292,5
C486,26051432125,5
C2736,26051432125,5
C1228,26051432125,5
C3343,26051432125,5
C1806,26051432125,1
C1717,23951869605,5
C3518,23951869605,5
C2740,23951869605,5
C1271,23951869605,5
C1865,23917274311,5
C223,23917274311,5
C2827,23917274311,5
C957,23917274311,5
C3328,23917274311,5
C1220,23917274311,5
C966,22076178370,5
C1113,24563681135,5
C1307,24563681135,5
C2849,24563681135,5
C2166,24563681135,5
C3036,24563681135,5
C896,3341260193,5
C1778,3341260193,5
C2506,3341260193,5
C1186,29705632364,5
C1609,29705632364,5
C2693,29705632364,5
C890,29705632364,4
C2258,29705632364,5
C1233,29705632364,3
C1475,28257708171,5
C3275,28257708171,5
C824,28257708171,5
C183,28257708171,5
C2060,23948742589,5
C1479,23948742589,5
C2658,18294247253,5
C3037,18294247253,5
C1041,3733340283,5
C2626,3733340283,5
C3465,3733340283,5
C2850,3733340283,5
C1964,3733340283,5
C311,3733340283,5
C1527,26820491210,5
C1040,26820491210,5
C1355,26820491210,5
C3168,26820491210,5
C653,26820491210,5
C2006,26820491210,5
C1348,8546995612,5
C270,8546995612,5
C2778,8546995612,5
C2880,8546995612,5
C3377,16041414324,5
C3224,16041414324,5
C2548,16041414324,5
C717,16041414324,5
C2580,16041414324,5
C822,16041414324,5
C967,23870134309,5
C1476,23870134309,5
C1624,23870134309,5
C2441,23870134309,5
C1078,28705139177,5
C1669,28705139177,5
C2116,28705139177,5
C3439,19458361577,5
C2161,19458361577,5
C179,19458361577,5
C3405,19458361577,5
C3337,19458361577,5
C3344,18879560004,5
C625,18879560004,5
C2149,18879560004,5
C200,18879560004,5
C556,18879560004,5
C616,23971661025,5
C3414,23971661025,5
C1378,23971661025,5
C1678,23971661025,5
C2410,23977267272,5
C1710,23977267272,3
C2831,28050220016,5
C1176,28050220016,5
C2646,28050220016,5
C199,28050220016,5
C1937,28050220016,1
C1603,28050220016,5
C1519,6419647593,5
C2828,6419647593,5
C281,6419647593,5
C1818,6419647593,5
C2935,23952338554,5
C2727,23952338554,3
C2061,23952338554,5
C1237,24625313551,5
C2744,24625313551,5
C2970,24625313551,5
C3522,24625313551,5
C1393,8657813010,5
C807,8657813010,5
C1516,8657813010,5
C2033,8657813010,5
C2953,23971065075,5
C262,23971065075,5
C1907,23971065075,5
C2844,23971065075,5
C2425,23971065075,5
C886,19305969083,5
C411,19305969083,5
C999,19305969083,5
C1782,19305969083,5
C1534,25358612532,5
C2624,25358612532,5
C2760,25358612532,5
C474,25358612532,5
C865,25358612532,5
C2666,25358612532,5
C221,15694760367,2
C881,15694760367,5
C1521,15694760367,5
C2047,15694760367,5
C1897,17599330859,5
C2168,17599330859,5
C904,17599330859,5
C2111,17599330859,1
C1656,29309441256,5
C1940,29309441256,5
C026,25818428210,5
C525,25818428210,5
C2498,25818428210,5
C1137,25818428210,4
C3118,25818428210,5
C2932,13325283282,5
C1017,13325283282,4
C523,13325283282,5
C013,29302855465,5
C1932,29302855465,5
C2867,29302855465,4
C2854,29302855465,5
C585,29302855465,5
C794,29302855465,5
C1750,21476463147,5
C3080,21476463147,5
C2960,21476463147,5
C1094,21476463147,5
C2226,29957480767,5
C2303,29957480767,5
C049,29957480767,5
C2335,29957480767,5
C3215,29957480767,5
C2356,29957480767,5
C3409,23977869316,5
C296,23977869316,5
C851,23977869316,5
C1441,23977869316,5
C2420,23977869316,5
C1957,23977869316,5
C1468,23968576351,5
C254,23968576351,5
C2241,23968576351,5
C2206,23968576351,5
C800,28520384756,5
C282,28520384756,5
C3199,28520384756,5
C1924,25104774693,5
C1638,25104774693,5
C3437,25104774693,5
C1112,25104774693,5
C1240,25104774693,5
C1214,10191910647,5
C2663,10191910647,5
C039,10191910647,5
C435,10191910647,5
C2346,19372771998,5
C1654,19372771998,5
C1799,19372771998,5
C1299,19372771998,5
C1060,19372771998,5
C784,20339780397,5
C1882,20339780397,5
C2475,22604626417,5
C1071,22604626417,5
C2397,22604626417,5
C1415,22604626417,5
C366,22604626417,5
C1376,22604626417,4
C2745,17778910332,5
C3455,17778910332,5
C828,17778910332,5
C1278,17778910332,5
C502,23977816584,5
C3513,23977816584,5
C2920,23977816584,5
C773,23977816584,5
C2179,23977816584,5
C3225,23488957760,5
C2824,23488957760,5
C2939,23488957760,5
C212,23488957760,5
C3302,23488957760,5
C2904,7713351140,5
C1293,7713351140,5
C490,7713351140,5
C973,7713351140,5
C1454,27910114853,5
C730,29962592515,5
C1791,29962592515,5
C2914,29962592515,5
C3128,29962592515,5
C1420,19884445751,5
C3185,19884445751,5
C3111,19884445751,5
C1027,19884445751,5
C2268,19884445751,1
C3256,19884445751,5
C3386,24554392227,5
C3420,24554392227,5
C2680,24554392227,1
C2334,24554392227,5
C2801,24554392227,5
C2012,24472708749,5
C2302,24472708749,5
C2758,24472708749,5
C3278,24472708749,5
C3034,24472708749,5
C1774,24472708749,5
C3092,23975127065,5
C1735,23975127065,5
C692,23975127065,5
C2546,23975127065,5
C186,23975127065,5
C2664,23978858399,5
C3276,29959218940,5
C2617,17673229269,5
C410,17673229269,5
C1877,17673229269,5
C3326,17673229269,5
C2903,17673229269,5
C1939,29808964470,3
C2220,29808964470,5
C1909,29808964470,5
C446,25931507093,5
C737,25931507093,5
C2160,25931507093,5
C1076,25931507093,5
C2348,24366124341,5
C365,24366124341,5
C3226,24366124341,4
C069,24366124341,5
C1107,29318326689,5
C2984,29318326689,5
C2768,29318326689,5
C2949,28256891555,5
C1247,28256891555,5
C1643,28256891555,5
C2648,28256891555,2
C3356,28256891555,5
C3370,28256891555,5
C2552,20572654113,5
C3539,20572654113,5
C256,20572654113,5
C688,20572654113,5
C2958,20572654113,5
C2623,23953137259,5
C2367,23953137259,5
C1303,23953137259,5
C3314,23953137259,5
C646,23953137259,5
C114,23953137259,5
C3058,25530762389,5
C2051,25530762389,5
C2797,25530762389,5
C3274,25530762389,5
C503,20273631390,5
C2384,20273631390,5
C2802,20273631390,5
C2562,29309796894,5
C1555,29309796894,5
C1157,29309796894,5
C2899,29309796894,5
C1182,24669210848,5
C570,24669210848,5
C1481,24669210848,5
C202,23948651051,5
C2454,23948651051,5
C1608,23948651051,5
C1328,23948651051,5
C3332,24213543519,5
C998,10581019414,5
C3367,9355210046,5
C2103,9355210046,5
C2865,9355210046,5
C2098,9355210046,5
C1234,9355210046,5
C3492,9355210046,4
C812,19360860552,5
C1243,19360860552,5
C1013,19360860552,5
C995,19360860552,5
C2065,19360860552,5
C326,1657753378,5
C997,4606236022,5
C2314,4606236022,5
C2501,4606236022,5
C718,4606236022,5
C2674,22887647462,4
C624,22887647462,5
C334,22887647462,5
C2167,22887647462,5
C2803,22887647462,5
C2000,24207436139,5
C797,24207436139,5
C3105,24207436139,5
C426,24207436139,5
C926,20654564858,5
C2180,20654564858,5
C1097,20654564858,5
C2309,20654564858,5
C2741,20654564858,5
C2711,20654564858,5
C1888,8397085055,5
C2391,8397085055,5
C2015,8397085055,5
C2145,26316810326,5
C1767,26316810326,5
C241,26316810326,5
C3047,26316810326,5
C651,26316810326,5
C2543,26316810326,5
C521,29155331729,5
C2140,29155331729,5
C029,29155331729,5
C2199,29155331729,5
C007,29155331729,4
C1366,23965506863,5
C2262,23965506863,5
C789,23965506863,5
C1634,23965506863,5
C1868,29951928870,5
C708,29951928870,5
C214,29951928870,5
C2830,29951928870,5
C2603,29951928870,5
C1692,29356383763,5
C921,29356383763,1
C2165,29356383763,5
C351,29356383763,5
C2855,29356383763,5
C783,23971994451,5
C2882,23971994451,5
C2437,23971994451,5
C2861,23971994451,5
C1144,23971994451,5
C1464,29309682338,5
C105,29309682338,5
C2780,29309682338,5
C2992,29309682338,5
C660,29309682338,5
C324,27917552772,5
C515,27917552772,4
C2789,27917552772,4
C395,27917552772,5
C3107,27917552772,5
C1125,27917552772,5
C2631,8674529484,5
C1205,8674529484,5
C1213,8674529484,5
C2574,8674529484,5
C1129,25085448092,5
C1784,25085448092,5
C348,25085448092,5
C3531,25085448092,5
C3468,25085448092,5
C517,25085448092,5
C2544,29157960751,5
C610,29157960751,5
C1558,23866917376,5
C2606,23866917376,5
C2214,23866917376,5
C1821,23866917376,5
C3499,23866917376,5
C2754,8257301426,5
C1581,8257301426,5
C3462,8257301426,5
C094,22876801333,4
C2251,22876801333,5
C087,22876801333,4
C2304,22876801333,5
C605,22876801333,5
C3489,22876801333,1
C1092,10957051566,5
C2541,10957051566,5
C429,10957051566,5
C070,20168244238,5
C2136,20168244238,5
C3350,20168244238,5
C3210,20168244238,5
C2918,6786539142,5
C418,6786539142,5
C185,28456305884,5
C2784,28456305884,5
C2873,28456305884,5
C858,1785157852,5
C3259,1785157852,5
C2010,1785157852,5
C377,1785157852,5
C2024,1785157852,5
C2999,23923034918,5
C836,23923034918,5
C1890,23923034918,5
C1632,23923034918,5
C1170,23923034918,5
C3077,26156535945,5
C1883,26156535945,5
C2874,26156535945,5
C2966,26156535945,5
C1480,26056055507,5
C3184,26056055507,5
C2196,26056055507,5
C1498,26056055507,5
C514,29551216937,5
C1289,29551216937,5
C1676,23867964199,5
C472,23867964199,5
C2407,23867964199,5
C2856,7485312382,5
C1988,7485312382,5
C2595,7485312382,5
C1236,7485312382,5
C1993,7485312382,5
C906,21416538775,5
C1722,21416538775,5
C1286,21416538775,5
C1100,21416538775,5
C713,19984409742,5
C544,19984409742,5
C589,23967265937,5
C1657,23967265937,5
C1567,23967265937,5
C1406,23967265937,5
C2582,23967265937,5
C892,23970736526,5
C1925,25950097828,5
C676,25950097828,5
C3456,25950097828,5
C2936,25950097828,5
C2775,25950097828,5
C1680,11750363599,5
C2011,11750363599,5
C2697,11750363599,5
C677,11750363599,5
C627,11750363599,5
C2853,29858138869,5
C2981,29858138869,5
C2203,29858138869,5
C024,29858138869,5
C3375,22662080954,5
C494,22662080954,5
C2583,22662080954,5
C1998,28957439411,5
C2102,28957439411,5
C1930,28957439411,5
C1540,28957439411,5
C2842,28957439411,5
C1719,28957439411,3
C3216,23259739843,5
C2788,23259739843,5
C1814,23259739843,5
C3239,22361668026,5
C578,22361668026,5
C1208,22361668026,5
C2212,22361668026,5
C1492,26450251284,5
C1012,26450251284,5
C2452,26450251284,4
C2959,8369065193,5
C3306,1437090394,5
C416,1437090394,5
C2184,1437090394,5
C3519,27006504424,5
C1270,18851138133,5
C1542,18851138133,5
C2700,18851138133,5
C2366,18851138133,5
C1465,18851138133,5
C2370,18851138133,5
C407,23951966321,5
C1938,24887374225,5
C2829,27069020587,5
C2400,27069020587,5
C276,27069020587,5
C1919,27069020587,5
C3312,27069020587,5
C1448,4059804534,5
C1001,4059804534,5
C2527,4059804534,5
C1572,4059804534,5
C235,2068320906,5
C2887,2068320906,5
C603,2068320906,5
C1126,2068320906,5
C3380,2068320906,5
C747,5843766785,5
C3074,5843766785,5
C1681,5843766785,5
C700,5843766785,5
C3293,23147580319,5
C2931,23147580319,5
C222,23147580319,5
C2144,23147580319,5
C2352,23147580319,5
C1020,24885680615,5
C3487,24885680615,5
C938,24885680615,5
C2097,24885680615,5
C606,24885680615,5
C108,24271005564,5
C952,24271005564,5
C2332,24271005564,5
C320,23112120720,5
C2718,23112120720,5
C2591,23112120720,5
C2655,23112120720,5
C2796,24233481316,5
C3206,24233481316,5
C2234,24233481316,5
C746,24233481316,5
C2379,24233481316,5
C731,24233481316,5
C1732,26174582900,5
C1733,26174582900,5
C3406,26174582900,5
C1029,26174582900,5
C1622,21987462535,5
C766,21987462535,5
C376,27620058181,5
C3059,27620058181,5
C2435,24683435379,5
C817,24683435379,5
C2616,24683435379,5
C969,24683435379,5
C459,25073620632,5
C217,25073620632,5
C2845,25073620632,5
C594,25073620632,5
C2609,25073620632,5
C1262,25073620632,5
C1560,23980471138,5
C2518,23980471138,5
C1752,23980471138,5
C1757,23980471138,5
C2950,23980471138,5
C1619,13958861256,5
C1606,13958861256,5
C057,29051968075,5
C2644,29051968075,5
C962,29051968075,5
C2008,29856658983,5
C3023,29856658983,5
C1430,29856658983,4
C3454,29856658983,5
C1433,22582921968,5
C2570,22582921968,5
C3346,22582921968,5
C3283,22582921968,5
C3286,22582921968,4
C3280,20892399702,5
C2963,20892399702,5
C3366,21400769731,5
C581,21400769731,5
C2054,21400769731,5
C2282,21400769731,5
C564,21400769731,5
C367,11411855270,5
C485,11411855270,5
C1889,11411855270,5
C1501,11411855270,5
C268,8659782644,5
C2825,8659782644,5
C309,8659782644,5
C818,8659782644,5
C2396,27757217383,5
C3150,27757217383,5
C1005,27757217383,5
C2237,27757217383,5
C389,9577494176,5
C045,9577494176,5
C1627,9577494176,5
C196,9577494176,5
C2474,9577494176,5
C1635,23940601014,5
C2937,23940601014,5
C2331,23940601014,5
C1463,23940601014,5
C3137,23940601014,5
C3450,29955483679,5
C2438,29955483679,5
C566,29955483679,4
C432,29955483679,5
C1030,29955483679,5
C1781,24888559426,5
C3076,24888559426,5
C428,24888559426,3
C1745,24888559426,5
C1333,18980196285,5
C3132,18980196285,3
C1067,18980196285,5
C290,18980196285,4
C1414,18980196285,5
C350,18980196285,5
C360,25122507287,5
C417,25122507287,5
C580,25122507287,5
C1794,25122507287,5
C882,25122507287,5
C1796,25122507287,5
C2755,15219076271,5
C2368,15219076271,5
C1025,15219076271,5
C2597,15219076271,5
C215,23976107671,5
C1787,23976107671,5
C2439,23976107671,4
C303,12629062800,5
C3231,12629062800,5
C788,12629062800,5
C2071,25235189827,5
C3345,23869681877,5
C2604,23869681877,4
C2930,23869681877,5
C173,23869681877,5
C2494,23869681877,4
C2687,23869681877,5
C1575,29658140944,5
C2316,29658140944,5
C384,29658140944,5
C022,25766443151,5
C1161,25766443151,5
C719,25766443151,5
C772,25766443151,5
C322,25766443151,4
C2326,25766443151,5
C829,18883978947,5
C345,18883978947,5
C1149,22390269043,5
C2497,22390269043,5
C1556,22390269043,5
C1484,22390269043,5
C3273,22390269043,5
C3000,23972352624,5
C2301,23972352624,5
C2833,25529878447,5
C449,25529878447,5
C1201,25529878447,5
C1436,25529878447,5
C161,25529878447,5
C2240,16542165757,5
C575,16542165757,5
C2926,16542165757,5
C2305,23544179317,5
C1594,23544179317,5
C3298,23544179317,5
C299,23544179317,5
C2974,16694879722,5
C2895,16694879722,5
C2507,16694879722,5
C2029,16694879722,5
C1863,21961191893,5
C2482,21961191893,5
C939,21961191893,5
C335,21961191893,5
C1226,21961191893,5
C3068,22753797967,5
C1655,22753797967,5
C1613,22753797967,5
C050,22753797967,5
C2446,22753797967,5
C2973,23956326838,5
C1682,23956326838,5
C2403,23956326838,5
C1612,23956326838,5
C1564,22779988809,5
C3243,22779988809,5
C1892,22779988809,5
C3203,22779988809,5
C153,22779988809,5
C811,22779988809,4
C239,10012286759,5
C1768,10012286759,5
C478,10012286759,5
C2096,10012286759,5
C310,21493293574,5
C247,21493293574,5
C2287,21493293574,5
C188,21493293574,5
C356,23472226400,5
C2509,23472226400,5
C3260,23472226400,5
C301,23472226400,5
C3197,23472226400,5
C1987,23472226400,4
C2345,6013742093,5
C763,26221311483,5
C907,26221311483,5
C2142,26221311483,5
C3196,25134376144,5
C1491,25134376144,5
C3523,25134376144,5
C1538,25134376144,5
C1590,25134376144,5
C1179,28156867758,5
C2877,28156867758,5
C1383,28156867758,4
C1547,28156867758,5
C1055,9632533395,5
C2858,9632533395,5
C978,9632533395,4
C2879,9632533395,5
C172,9632533395,5
C2902,24455042170,5
C1003,24455042170,5
C2557,24455042170,5
C1712,24455042170,5
C3394,24455042170,5
C3230,29605237995,5
C1945,29605237995,5
C3494,29605237995,5
C1451,29605237995,5
C897,23936904496,5
C1134,23936904496,5
C2207,23936904496,5
C596,23936904496,5
C246,23936904496,5
C1758,23951062921,5
C947,23951062921,5
C2862,23951062921,5
C990,23951062921,5
C3400,12534889291,5
C2107,12534889291,5
C775,12534889291,5
C175,12534889291,5
C425,12534889291,5
C1187,21279723049,5
C574,21279723049,1
C1694,21279723049,5
C2656,21279723049,5
C1160,21279723049,5
C1411,21279723049,5
C2198,23980247521,5
C014,23980247521,5
C2130,23980247521,5
C385,23980247521,5
C2082,23980247521,5
C3292,6490137147,5
C1219,6490137147,5
C2751,6490137147,5
C754,6490137147,5
C3496,6490137147,5
C2550,23051759261,5
C387,23051759261,5
C1666,23051759261,5
C460,23051759261,5
C1159,24623202751,5
C1871,24623202751,5
C959,24623202751,4
C1109,24623202751,5
C2564,24623202751,5
C059,24623202751,5
C543,23955173361,4
C3212,23955173361,5
C2837,23955173361,5
C064,23955173361,4
C1974,23955173361,5
C3147,23955173361,5
C1364,29961050334,5
C1370,29961050334,5
C1178,25428904961,5
C3461,25428904961,5
C801,25428904961,5
C2457,25428904961,5
C2427,25428904961,5
C1309,25428904961,5
C2632,2378637419,5
C1387,2378637419,5
C946,2378637419,5
C628,29203236481,5
C1805,29203236481,5
C041,29203236481,5
C3056,29203236481,5
C2964,29203236481,5
C2942,29203236481,5
C1263,28673771950,5
C224,28673771950,5
C2202,23967149795,5
C2072,23967149795,5
C792,23967149795,5
C2559,23486345076,5
C2436,23486345076,5
C394,23486345076,5
C447,23486345076,5
C1486,23486345076,5
C821,12438360285,5
C1779,12438360285,4
C1621,12438360285,5
C1880,12438360285,5
C1969,19086181232,5
C1828,28402867211,5
C2147,28402867211,5
C569,28402867211,5
C1015,28402867211,5
C3223,25107171363,5
C3365,25107171363,5
C1844,25107171363,5
C3255,25107171363,5
C1063,25107171363,5
C1068,25107171363,5
C2355,7831274667,5
C187,7831274667,5
C3458,7831274667,5
C1934,7831274667,5
C1334,23938475783,5
C1823,23938475783,5
C934,23938475783,5
C3382,23938475783,5
C400,23938475783,5
C608,14311629562,5
C1837,14311629562,5
C2901,14311629562,5
C3125,14311629562,5
C2798,14311629562,5
C139,23946360975,5
C1872,23946360975,5
C1485,23946360975,5
C980,23946360975,5
C1238,23946360975,5
C2050,27250502832,5
C3504,22976860568,5
C2716,22976860568,5
C2297,22976860568,5
C3245,22976860568,5
C134,22976860568,5
C1447,10249099703,5
C3133,10249099703,5
C479,10249099703,5
C982,23946316949,5
C1405,23946316949,5
C279,23946316949,5
C1120,23946316949,5
C2064,22286949539,5
C1780,22286949539,5
C1443,22286949539,5
C2699,22286949539,5
C2590,22286949539,5
C3304,22286949539,5
C1548,9401755733,5
C1884,25476914377,5
C2417,25476914377,5
C1597,25476914377,5
C1660,23939355153,5
C176,23939355153,5
C2733,23939355153,5
C2883,23939355153,5
C3457,23939355153,5
C1980,14854381040,5
C3483,14854381040,5
C2128,14854381040,5
C2720,14854381040,5
C1841,14854381040,5
C2137,25930174144,2
C236,25930174144,5
C1473,25930174144,2
C2080,25930174144,5
C753,25930174144,5
C3114,23176203052,5
C1754,23176203052,5
C2835,23176203052,5
C2119,23176203052,5
C2461,23176203052,5
C1156,23176203052,5
C2389,617294982,5
C617,617294982,5
C2381,617294982,5
C2502,617294982,5
C2852,617294982,5
C787,28057959777,5
C2464,28057959777,5
C121,28057959777,5
C3015,28057959777,5
C1979,28057959777,5
C572,28057959777,5
C062,23942444609,5
C1770,23942444609,5
C743,23942444609,5
C2285,23942444609,5
C2238,23759212780,5
C074,23759212780,5
C333,23759212780,5
C511,23759212780,5
C302,23759212780,5
C2670,23759212780,5
C987,11656558454,5
C826,11656558454,5
C2686,11656558454,5
C3524,11656558454,5
C193,11656558454,5
C1274,11656558454,1
C3194,12399499080,5
C1829,12399499080,5
C016,12399499080,5
C1566,12399499080,5
C443,12399499080,5
C634,23579217127,5
C3048,23579217127,5
C2380,23579217127,5
C3396,23579217127,5
C2934,23579217127,5
C662,23579217127,5
C1096,24436673420,5
C398,24436673420,5
C814,24436673420,5
C3057,24436673420,5
C940,24436673420,5
C2922,24436673420,5
C2651,23880719145,5
C1695,23880719145,5
C2793,23880719145,5
C2131,23880719145,5
C914,23967993624,5
C138,23967993624,5
C204,23967993624,5
C3448,23967993624,5
C1541,23967993624,5
C1191,23982219019,5
C2049,23982219019,1
C2228,23982219019,5
C1723,23045595780,5
C123,23045595780,5
C1260,23045595780,4
C1110,23045595780,5
C710,25224312500,5
C2517,25224312500,4
C498,23651865171,5
C1775,23651865171,5
C1202,23651865171,5
C1497,23651865171,5
C1335,23651865171,5
C2547,23651865171,5
C3385,27403177070,5
C225,27403177070,5
C2182,27403177070,5
C1037,27403177070,5
C107,24908459171,5
C3040,24908459171,5
C3352,24908459171,5
C2456,24908459171,5
C1628,24908459171,5
C2672,24908459171,5
C2823,29013591003,5
C1300,21893042348,5
C1645,21893042348,5
C2685,21893042348,5
C1728,21893042348,5
C1336,21893042348,5
C2756,21893042348,5
C1431,8179437026,5
C1207,8179437026,5
C929,8179437026,5
C344,7815236948,5
C1261,7815236948,5
C2677,7815236948,5
C2110,7815236948,5
C3207,7815236948,5
C275,3940299754,5
C2599,3940299754,5
C1258,3940299754,5
C1585,3940299754,5
C1056,3940299754,5
C1495,3940299754,5
C3315,13886098431,5
C3466,13886098431,5
C3319,13886098431,5
C2929,13886098431,5
C2076,13886098431,5
C2647,13886098431,5
C1294,29758239242,5
C3498,29758239242,5
C2638,29758239242,5
C2759,29758239242,5
C219,29758239242,5
C1529,29758239242,5
C3390,15098120935,5
C1210,15098120935,5
C1316,15098120935,2
C885,15098120935,5
C2290,11789957425,5
C2298,11789957425,5
C2320,11789957425,5
C271,11789957425,5
C110,11789957425,5
C156,26402683185,5
C1832,26402683185,5
C2286,26402683185,5
C1088,26402683185,5
C2129,26402683185,5
C3422,29956434698,5
C3019,7772013023,5
C1816,7772013023,5
C2195,7772013023,5
C1318,7772013023,5
C004,7772013023,5
C910,7358410693,5
C1652,7358410693,5
C203,7358410693,5
C1016,7358410693,5
C1147,25203067136,5
C1010,25203067136,5
C040,25203067136,5
C1977,25203067136,5
C1397,25203067136,5
C2592,25203067136,4
C482,4709773137,5
C3426,4709773137,5
C1544,4709773137,5
C3021,4709773137,4
C2135,4709773137,5
C349,4709773137,5
C2310,25476320244,4
C2738,25476320244,5
C600,25476320244,5
C3517,25476320244,5
C151,25476320244,5
C1744,20625129230,5
C1898,20625129230,5
C1713,20625129230,5
C1505,20625129230,5
C1390,20625129230,5
C1691,20625129230,5
C3325,6817436757,5
C1353,6817436757,5
C986,6817436757,5
C011,6817436757,5
C1052,6817436757,5
C1169,29854582337,5
C321,29854582337,5
C1000,29854582337,5
C1315,29854582337,5
C644,29854582337,5
C476,29854582337,5
C2376,9474640678,5
C1600,9474640678,5
C629,9474640678,5
C607,9474640678,5
C3361,28506626557,5
C3146,28506626557,5
C971,28506626557,5
C043,28506626557,5
C1494,28506626557,5
C974,29455986295,5
C352,29455986295,5
C2713,29455986295,1
C3308,29455986295,5
C1838,29455986295,5
C3093,26807065684,5
C098,26807065684,5
C3160,26807065684,5
C2821,26807065684,5
C025,26807065684,5
C2673,16699118131,5
C1394,16699118131,5
C431,16699118131,4
C3459,16699118131,5
C3186,16699118131,5
C2394,23979806688,5
C551,23979806688,5
C3521,23979806688,5
C918,23979806688,5
C3267,23979806688,5
C767,27168593273,5
C206,15594773976,5
C444,15594773976,5
C599,15594773976,5
C2225,15594773976,5
C1756,15594773976,5
C2561,15594773976,5
C3268,18895696535,5
C445,18895696535,5
C861,18895696535,5
C2005,18895696535,5
C372,18895696535,5
C560,18895696535,5
C2728,23943185885,5
C1080,23943185885,5
C2746,23943185885,5
C2478,23943185885,5
C2341,23943185885,5
C3112,23943185885,5
C3088,23948440073,5
C1199,23948440073,5
C1101,23948440073,5
C1114,4528970582,5
C1321,4528970582,5
C2696,4528970582,5
C192,4528970582,5
C2042,19793058695,5
C992,19793058695,5
C697,19793058695,5
C2004,19793058695,5
C870,19793058695,5
C954,23953241930,5
C835,23953241930,5
C2035,23953241930,5
C2794,23953241930,5
C597,23953241930,5
C545,25020225324,5
C3087,25020225324,2
C1175,25020225324,5
C2312,25020225324,5
C927,25020225324,5
C604,25020225324,5
C1253,22275156697,5
C2488,22275156697,5
C2021,22275156697,5
C2525,22275156697,5
C3233,22275156697,5
C265,24931220928,5
C2112,24931220928,5
C1815,16493732090,5
C1028,16493732090,5
C2683,16493732090,5
C2328,16493732090,5
C422,16493732090,5
C781,23952880011,5
C052,23952880011,5
C2281,23952880011,5
C680,23952880011,5
C1222,23540329963,5
C902,23540329963,5
C358,23540329963,5
C2787,23540329963,5
C1351,23540329963,5
C1011,23540329963,5
C2773,29907726595,5
C3508,29907726595,5
C1155,29907726595,5
C2365,29907726595,5
C1616,29907726595,5
C1933,29907726595,5
C645,7916467307,5
C2444,7916467307,5
C1459,7916467307,5
C158,7916467307,5
C1763,7916467307,5
C475,7916467307,5
C2020,23876109699,5
C374,23876109699,5
C951,23876109699,5
C816,23876109699,5
C2351,23876109699,5
C380,23876109699,5
C2094,10067589279,5
C1895,10067589279,5
C1035,10067589279,5
C1166,10067589279,5
C1047,10067589279,5
C261,12372548193,5
C3445,12372548193,5
C3050,12372548193,5
C941,12372548193,5
C3250,12372548193,5
C180,22256188804,5
C1641,22256188804,5
C3142,22256188804,5
C3289,22256188804,5
C2565,26819169932,5
C833,24378414485,5
C1536,24378414485,5
C181,24378414485,5
C590,24378414485,5
C1773,29758991661,4
C1173,29758991661,5
C1086,25657981922,5
C1462,25657981922,5
C1686,17884825742,5
C3316,17884825742,5
C2894,17884825742,5
C397,17884825742,5
C972,11586656954,5
C401,11586656954,5
C3512,11586656954,5
C2327,11586656954,5
C3533,29168829255,5
C1688,29168829255,5
C3180,29168829255,5
C1777,29168829255,5
C3071,19679424615,5
C1206,19679424615,5
C2398,19679424615,5
C3335,19679424615,5
C2703,6742995992,5
C936,6742995992,5
C2390,6742995992,5
C484,6742995992,5
C834,6742995992,5
C1708,8134387682,5
C3326,8134387682,5
C089,8134387682,5
C2337,22678739019,5
C542,22678739019,5
C1741,22678739019,5
C2869,22678739019,5
C636,22678739019,4
C3392,5840157784,5
C473,5840157784,5
C1467,5840157784,5
C933,5840157784,5
C1224,23907152503,5
C1861,23907152503,5
C3511,23907152503,5
C1847,23907152503,5
C1958,25374558459,5
C2689,25374558459,5
C883,25374558459,4
C1546,25374558459,5
C382,25374558459,5
C2451,25374558459,5
C1069,23969681920,1
C167,23969681920,5
C1785,23969681920,4
C300,23969681920,4
C2668,23969681920,5
C280,23969681920,4
C768,23905586800,5
C1508,23905586800,4
C2659,23905586800,1
C1496,23905586800,5
C095,23905586800,5
C2277,23905586800,5
C2568,17716096586,5
C694,17716096586,5
C3486,17716096586,5
C1689,17716096586,5
C3443,17716096586,5
C053,17716096586,5
C1332,26671402738,5
C1715,26671402738,5
C3303,26671402738,5
C1573,26671402738,5
C1298,26671402738,5
C691,26671402738,5
C1392,5132323687,5
C1908,5132323687,5
C2227,5132323687,5
C968,5132323687,5
C3204,18086127127,5
C2661,18086127127,5
C008,18086127127,5
C1864,18086127127,5
C1264,18086127127,5
C2660,18086127127,5
C3094,8105656541,5
C1840,24731631966,5
C2433,24731631966,5
C1539,24731631966,5
C2101,29751470404,5
C913,29751470404,5
C371,29751470404,5
C3253,29751470404,5
C2172,29751470404,5
C2529,23789699570,5
C3529,23789699570,5
C2667,23789699570,5
C1357,23789699570,5
C2848,23789699570,5
C2273,23789699570,5
C1141,29256178762,5
C2694,29256178762,5
C3480,29256178762,5
C131,29256178762,5
C1502,29256178762,5
C2968,29462752140,5
C1730,29462752140,5
C2504,29462752140,5
C117,29462752140,5
C3054,29462752140,5
C2556,29462752140,5
C2928,25707348086,5
C2243,25707348086,5
C928,25707348086,5
C453,25707348086,5
C393,27459770721,5
C229,27459770721,5
C3012,27459770721,5
C1729,17194449810,5
C845,17194449810,5
C463,17194449810,5
C2053,29500284080,5
C3530,29500284080,5
C2472,18394296262,5
C748,18394296262,5
C1813,18394296262,5
C2563,18394296262,5
C1487,18394296262,5
C1535,23925648522,5
C3354,23925648522,5
C893,23925648522,5
C2629,23925648522,5
C1457,23925648522,5
C3084,23925648522,5
C152,23978271894,5
C771,23978271894,5
C1061,23978271894,5
C2871,23978271894,5
C530,26562553564,5
C465,26562553564,5
C562,26562553564,5
C3055,26562553564,5
C2510,26562553564,5
C512,4974764074,5
C2612,4974764074,5
C3424,4974764074,5
C2648,27360341113,5
C571,27360341113,5
C1388,22549221297,5
C953,22549221297,5
C2395,22549221297,5
C513,22549221297,5
C1623,13521640275,1
C3287,13521640275,5
C2649,13521640275,5
C2553,13521640275,5
C3166,13521640275,5
C3154,13521640275,5
C298,25435277052,5
C3525,25435277052,5
C1409,25435277052,5
C072,25435277052,5
C1217,23979259684,5
C129,25359008915,5
C1891,25359008915,5
C2414,25359008915,5
C359,19039715961,5
C2636,19039715961,5
C1239,19039715961,5
C1322,19039715961,5
C1359,19039715961,5
C2572,19039715961,5
C561,9258704324,5
C325,9258704324,5
C1127,27514314102,5
C3010,27514314102,5
C1104,27514314102,5
C2041,27514314102,5
C1103,27514314102,5
C3145,27514314102,5
C2315,24811355516,5
C2719,24811355516,5
C2123,24811355516,5
C2023,17986863431,5
C1673,17986863431,5
C2093,17986863431,5
C048,11063733442,5
C3336,11063733442,5
C021,11063733442,5
C1852,11063733442,5
C1121,23954919198,3
C1922,23954919198,2
C931,23954919198,5
C213,23954919198,5
C1227,23954919198,5
C137,23954919198,4
C2737,24188754219,5
C1162,24188754219,5
C3083,24188754219,5
C1197,28209725457,5
C1212,28209725457,5
C554,28209725457,5
C1347,28209725457,5
C3431,28209725457,5
C1901,28209725457,5
C402,23930562131,4
C2175,23930562131,5
C1854,23930562131,4
C373,22683475428,5
C2634,22683475428,5
C1399,22683475428,5
C2731,28109175825,5
C1223,28109175825,5
C128,28109175825,5
C1853,28109175825,5
C1200,28109175825,5
C1518,28357788698,5
C2545,28357788698,5
C526,28357788698,5
C2271,28357788698,5
C327,28357788698,5
C2679,29268197441,5
C1375,29268197441,1
C3285,29268197441,2
C2480,29268197441,3
C195,29268197441,5
C1310,23966098162,5
C120,23966098162,5
C1896,23966098162,5
C1842,23966098162,5
C2540,23966098162,5
C1798,23966098162,5
C1022,23920219260,5
C3244,23920219260,5
C220,23920219260,5
C1611,23920219260,5
C993,26257686830,5
C2031,26257686830,5
C1151,26257686830,5
C1786,24459693983,4
C2016,24459693983,5
C1188,24459693983,5
C1936,24459693983,5
C1576,23978207121,5
C2642,27712964222,5
C550,27712964222,5
C1138,25128380199,5
C2034,25128380199,4
C1111,25128380199,5
C2637,25128380199,5
C1795,25128380199,5
C1520,29701182716,5
C1384,29701182716,5
C844,25853535366,5
C3506,25853535366,5
C2081,25853535366,5
C1252,25853535366,1
C1382,29009279506,5
C2063,29009279506,5
C901,29009279506,5
C2084,27201375155,5
C2321,27201375155,5
C1423,27201375155,5
C054,27201375155,5
C579,27201375155,5
C673,27201375155,5
C2512,23949450227,5
C786,23949450227,5
C1916,23771851951,5
C2971,23771851951,5
C2995,23771851951,5
C2724,23771851951,5
C2820,23771851951,5
C1989,23771851951,5
C1131,25435198820,5
C2187,25435198820,5
C2342,25435198820,5
C3240,25435198820,5
C3232,25435198820,5
C2324,29618870015,5
C1617,29618870015,5
C2468,29618870015,5
C2795,29618870015,5
C1738,29618870015,5
C529,29618870015,5
C591,29212129394,5
C2204,29212129394,5
C3397,29212129394,5
C1102,29212129394,5
C3065,29212129394,5
C602,29212129394,5
C1361,25222371703,5
C285,25222371703,5
C3009,20376964659,5
C1537,23955182870,5
C1659,23955182870,5
C3163,23955182870,5
C3148,24910784607,5
C679,24910784607,5
C2141,24910784607,5
C135,24910784607,5
C942,24910784607,1
C1363,24910784607,5
C1469,16695805363,5
C2125,16695805363,5
C2118,16695805363,5
C448,16695805363,5
C2774,16695805363,5
C1235,16695805363,5
C809,19992599845,4
C2635,19992599845,5
C1386,19992599845,4
C2372,19992599845,5
C3402,19992599845,5
C615,19992599845,5
C1559,29854617859,5
C2766,29854617859,5
C2009,29854617859,5
C2721,27613789157,5
C1075,27613789157,5
C2164,27613789157,5
C1053,26905791845,5
C860,26905791845,5
C2194,26905791845,5
C868,26905791845,5
C238,26905791845,5
C1610,26905791845,5
C3011,22306697652,5
C2019,22306697652,5
C234,22306697652,5
C2431,19592537813,5
C3115,19592537813,5
C2836,19592537813,5
C2463,19592537813,5
C1251,24433352442,3
C1525,24433352442,5
C3460,24433352442,5
C005,24433352442,5
C1526,24433352442,5
C2614,24433352442,5
C1313,21484047505,5
C1978,21484047505,5
C555,21484047505,5
C2569,21484047505,5
C2912,23971871591,5
C1532,23971871591,5
C2662,29658624752,5
C1093,29658624752,5
C3144,29658624752,5
C341,29658624752,5
C2121,29658624752,5
C705,25938905114,5
C3135,25938905114,5
C2587,25938905114,5
C3535,25938905114,5
C2473,25938905114,5
C3262,25938905114,5
C2171,27757602483,5
C2944,27757602483,5
C3208,27757602483,5
C2698,27757602483,5
C878,27757602483,5
C2927,24531244435,5
C2266,24531244435,1
C1568,24531244435,5
C584,24531244435,5
C1292,11460372595,5
C018,11460372595,5
C1380,11460372595,5
C2252,11460372595,5
C2192,11460372595,5
C316,11460372595,5
C2173,23578064750,5
C614,23578064750,5
C1455,23578064750,5
C2333,24677101931,5
C1875,24677101931,5
C2566,12545511040,5
C406,12545511040,5
C3331,12545511040,5
C1955,17198068704,5
C3446,17198068704,5
C977,17198068704,5
C642,17198068704,5
C2726,17198068704,5
C1091,19080975372,5
C147,19080975372,5
C3408,19080975372,5
C667,19080975372,5
C166,23590109348,5
C3425,27051903614,3
C3072,27051903614,5
C1275,27051903614,5
C253,27051903614,5
C1095,23980359361,5
C2739,23980359361,5
C632,23980359361,5
C162,23980359361,5
C891,23132528049,5
C2030,23132528049,5
C2884,23132528049,5
C3401,23132528049,5
C1677,18929637779,5
C2193,18929637779,5
C2249,24670413101,5
C3497,24670413101,5
C3006,24670413101,5
C347,24670413101,5
C2888,24670413101,5
C312,23981272963,5
C1671,23981272963,5
C1311,23981272963,5
C519,23981272963,5
C563,23981272963,5
C960,12299661725,5
C2980,12299661725,5
C648,12299661725,5
C468,12299661725,5
C170,12299661725,5
C2717,12299661725,5
C3101,23935383869,5
C577,23935383869,5
C1410,23935383869,5
C873,23935383869,5
C2294,23935383869,5
C2455,27251884679,5
C650,27251884679,5
C2132,27251884679,5
C654,27251884679,5
C3098,25810460447,5
C740,25810460447,5
C2575,25810460447,5
C1625,25810460447,5
C1059,25208374057,5
C122,25208374057,5
C2815,25208374057,5
C1972,25208374057,5
C2108,25208374057,4
C699,25208374057,5
C802,25131410921,5
C1709,25532921435,5
C1165,25532921435,5
C3027,25532921435,5
C127,25532921435,5
C727,25532921435,5
C3089,21857616671,5
C1350,21857616671,5
C715,21857616671,5
C2652,14627288099,5
C1658,14627288099,2
C291,14627288099,5
C383,14627288099,5
C1031,14627288099,5
C711,23925832300,5
C3081,23925832300,5
C340,23925832300,5
C2423,23925832300,5
C1119,23925832300,5
C1087,27619685710,5
C1976,27619685710,5
C080,27619685710,5
C2197,27619685710,5
C471,27619685710,4
C1450,22442559323,5
C343,7441617809,5
C769,7441617809,5
C295,7441617809,5
C856,7441617809,5
C2567,21092038951,5
C1981,21092038951,5
C739,21092038951,5
C293,21092038951,5
C2538,21092038951,5
C1618,8513265152,5
C3310,8513265152,5
C441,8513265152,5
C1633,29855036077,5
C3161,29855036077,5
C2495,16964123461,5
C2176,16964123461,5
C1737,16964123461,5
C889,16964123461,5
C184,25685001890,5
C869,25685001890,5
C1472,25685001890,5
C3252,25685001890,5
C2786,25685001890,5
C1018,23979452892,5
C1647,23979452892,5
C083,23979452892,5
C3236,23979452892,5
C264,23979452892,5
C722,23979452892,5
C626,22405953981,5
C252,22405953981,5
C1452,22405953981,5
C867,22405953981,5
C2448,10704643769,5
C1189,10704643769,5
C2095,10704643769,5
C1810,10704643769,5
C126,24721912210,5
C1593,24721912210,5
C288,24721912210,5
C3097,24721912210,5
C3247,24721912210,4
C3413,24721912210,5
C675,25590463284,5
C3342,25590463284,5
C1859,25590463284,5
C3209,25590463284,5
C1583,25590463284,5
C3329,14698242785,5
C2484,14698242785,5
C3176,14698242785,5
C2470,14698242785,5
C3130,14698242785,5
C436,14698242785,5
C1629,23907958997,5
C1066,23907958997,5
C595,23907958997,5
C1014,609354914,5
C1866,609354914,5
C015,609354914,5
C141,609354914,5
C258,9643669785,5
C2770,9643669785,5
C3411,9643669785,5
C1523,9643669785,5
C3419,10914453796,5
C2471,10914453796,5
C3001,24533410227,5
C2785,24533410227,5
C2028,24533410227,5
C859,24533410227,5
C3291,23485780140,5
C3067,23485780140,5
C2469,23485780140,4
C201,23485780140,5
C857,23485780140,5
C3170,21065436164,1
C1407,21065436164,1
C414,21065436164,5
C744,25973096748,5
C2773,25973096748,5
C770,25973096748,5
C2886,25973096748,5
C023,25984281315,5
C2483,25984281315,5
C1284,25984281315,5
C2115,25984281315,5
C2602,24764754487,1
C1742,24764754487,5
C2401,24764754487,5
C3193,24764754487,5
C3174,24764754487,5
C1065,23214365307,5
C1769,7535787565,5
C2913,7535787565,5
C243,7535787565,5
C1291,7535787565,5
C3321,25969944982,5
C1329,25969944982,4
C1783,25969944982,5
C1449,25969944982,5
C318,25969944982,5
C2211,25969944982,5
C010,29959213672,5
C1341,29959213672,5
C118,29959213672,5
C433,29959213672,5
C3421,29959213672,5
C3157,18442256662,5
C492,18442256662,5
C2311,22725660312,5
C984,22725660312,5
C1984,22725660312,5
C3069,22725660312,5
C1352,23005974090,5
C097,23005974090,5
C2216,23005974090,5
C925,23005974090,5
C1142,23005974090,5
C3131,27321444695,5
C1276,27321444695,5
C1267,27321444695,4
C1848,27321444695,5
C3108,27321444695,5
C2558,25686896442,5
C507,25686896442,5
C1642,28209068163,4
C081,28209068163,5
C533,28209068163,5
C1115,28209068163,4
C2996,28209068163,4
C803,28209068163,5
C1650,20290307494,5
C1700,20290307494,5
C2822,20290307494,5
C370,20290307494,5
C681,16195730949,5
C160,16195730949,5
C613,16195730949,5
C2354,16195730949,5
C3447,16195730949,5
C3288,16195730949,5
C3471,29054796040,5
C2954,29054796040,5
C500,29054796040,5
C1424,29054796040,5
C2640,29054796040,5
C2267,29100059478,5
C2534,29100059478,5
C2459,29100059478,5
C1331,29100059478,5
C2421,29100059478,5
C2613,29100059478,5
C687,28064250034,5
C2151,28064250034,5
C729,28064250034,5
C2313,28064250034,5
C378,28064250034,5
C273,28064250034,5
C2863,28400517744,5
C1281,28400517744,5
C1312,13999877974,5
C2989,13999877974,5
C3030,8625389034,5
C2735,8625389034,5
C3022,8625389034,5
C1512,25167129496,5
C2805,25167129496,5
C3121,25167129496,5
C1396,25167129496,5
C2702,23975485969,4
C2907,23975485969,5
C1062,23975485969,5
C981,23975485969,4
C2363,23975485969,5
C079,17600182762,5
C1653,17600182762,5
C3085,17600182762,5
C2669,17600182762,5
C1163,17600182762,5
C2526,17600182762,5
C3493,26806976773,5
C1949,26806976773,5
C2695,26806976773,5
C1279,26806976773,5
C1827,23981262701,5
C3509,23981262701,1
C003,23981262701,5
C208,25189428826,5
C1557,25189428826,5
C209,25189428826,5
C3484,25189428826,5
C553,25189428826,5
C3296,25189428826,5
C1986,1698293935,5
C2077,1698293935,5
C009,1698293935,5
C539,1698293935,5
C3341,1698293935,5
C2707,1698293935,4
C3482,17620002957,5
C1039,17620002957,5
C2761,17620002957,5
C042,28454418073,5
C759,28454418073,5
C1180,28454418073,5
C2792,25623619338,5
C2872,25623619338,5
C618,25623619338,5
C2806,25623619338,5
C3464,25623619338,5
C2840,6038835453,5
C866,6038835453,5
C2870,22149103738,5
C3229,22149103738,5
C136,22149103738,5
C3416,22149103738,5
C3334,22149103738,5
C2513,25064041603,5
C1699,25064041603,5
C2500,25064041603,5
C337,20478055681,5
C1834,20478055681,5
C854,20478055681,5
C538,20478055681,5
C537,20478055681,5
C3109,4592663069,5
C2406,4592663069,5
C3200,4592663069,5
C2027,4592663069,5
C3322,23965980820,5
C2460,23965980820,5
C2997,23965980820,5
C3218,23965980820,5
C707,23965980820,5
C3082,23965980820,1
C1565,29301700862,3
C1517,29301700862,1
C1856,29301700862,5
C2536,29301700862,5
C1008,29301700862,4
C1931,23938181851,5
C1960,23938181851,5
C1073,8606353056,5
C1551,8606353056,5
C2859,8606353056,5
C2340,8606353056,5
C104,22914306932,5
C2037,22914306932,5
C2515,22914306932,5
C3383,22914306932,5
C3103,22914306932,5
C2361,22914306932,5
C1432,8621441665,5
C1586,8621441665,5
C2522,8621441665,5
C046,8621441665,5
C741,19593251430,5
C2162,19593251430,5
C469,19593251430,5
C1716,19593251430,5
C020,19593251430,5
C806,29205385851,5
C2036,29205385851,5
C3191,29205385851,5
C2650,29205385851,5
C2254,29205385851,5
C846,29205385851,5
C508,21566162386,5
C1265,21566162386,5
C1562,21566162386,5
C2532,23975734142,5
C652,23975734142,5
C1991,23975734142,5
C2892,4284337848,5
C1825,4284337848,5
C2434,4284337848,5
C3162,4284337848,5
C702,4284337848,5
C1915,23980827672,5
C734,23980827672,5
C1007,23980827672,5
C2630,23980827672,5
C3417,23980827672,5
C1788,23952495564,5
C2296,23952495564,5
C1903,23952495564,5
C2148,23952495564,5
C2511,23952495564,5
C2868,23952495564,5
C1209,24522313521,5
C3488,24522313521,5
C1416,24522313521,5
C988,24522313521,5
C2729,24522313521,5
C2088,24522313521,5
C557,21577711371,5
C2445,21577711371,5
C2079,21577711371,5
C1549,21577711371,5
C1237,6159191829,5
C3201,6159191829,5
C2210,6159191829,5
C898,6159191829,5
C1089,6159191829,5
C033,6159191829,5
C3472,27250689097,5
C3333,27250689097,5
C1941,27250689097,5
C3371,24160924859,5
C2908,24160924859,5
C1685,24160924859,5
C061,24160924859,5
C1893,872765745,5
C1961,872765745,5
C313,872765745,5
C1690,872765745,5
C1074,872765745,5
C3324,29800941587,5
C2248,29800941587,5
C100,29800941587,5
C3053,29800941587,5
C1718,27756241154,5
C1975,27756241154,5
C2708,29960340777,5
C3149,3241801364,5
C1085,3241801364,1
C1524,3241801364,5
C678,3241801364,5
C1143,27871398656,5
C1171,27871398656,5
C1332,27871398656,5
C1870,27871398656,5
C810,27871398656,5
C2272,27871398656,5
C164,19975769915,5
C733,19975769915,5
C3192,18216716319,5
C3062,18216716319,5
C2255,18216716319,5
C464,18216716319,5
C1181,24550597960,5
C1711,24550597960,5
C1507,24550597960,5
C3347,21852622843,5
C2977,21852622843,5
C2628,21852622843,5
C3327,21852622843,5
C218,21852622843,5
C3096,21852622843,5
C558,23980822452,5
C312,23980822452,5
C354,23980822452,5
C1761,22355804140,5
C2022,22355804140,5
C3438,22355804140,5
C034,22355804140,5
C3369,25917025013,5
C760,25917025013,4
C2807,25917025013,5
C3169,25917025013,5
C2816,21236940404,5
C2002,21236940404,5
C3265,21236940404,5
C3379,21236940404,5
C790,21236940404,5
C724,3555299241,5
C725,3555299241,5
C363,15197836608,5
C736,15197836608,5
C2978,15197836608,5
C3143,23972552158,5
C2497,23972552158,5
C3360,23972552158,5
C3399,23972552158,5
C2139,23972552158,5
C2987,23972552158,1
C804,29903970465,5
C3227,29903970465,5
C1693,29903970465,5
C849,29903970465,5
C2143,29903970465,5
C2681,29903970465,5
C1860,20824381904,3
C1488,20824381904,5
C2690,20824381904,5
C1630,20824381904,5
C197,20824381904,5
C1002,23833094035,5
C1042,23833094035,5
C3532,23833094035,5
C1124,23833094035,3
C3029,23833094035,3
C1446,23978384431,5
C237,23978384431,5
C3005,23978384431,5
C002,23978384431,5
C1190,23978384431,5
C3527,20366099034,5
C1117,20366099034,5
C1368,20366099034,5
C1250,25613149232,5
C683,25613149232,5
C3235,25613149232,5
C2245,25613149232,5
C640,3046018760,5
C1230,3046018760,5
C755,3046018760,5
C3415,19949959537,5
C2183,19949959537,5
C1755,19949959537,5
C2956,19949959537,5
C2723,19949959537,5
C1398,19949959537,5
C1404,24967549298,5
C2426,24967549298,5
C2947,24967549298,5
C917,24967549298,5
C1139,24967549298,5
C2804,19195060906,5
C689,19195060906,5
C106,19195060906,4
C3153,19195060906,5
C1371,21470886153,5
C1644,21470886153,5
C3002,21470886153,5
C3395,21470886153,5
C3075,21470886153,5
C1696,21470886153,5
C2485,28912520097,5
C975,28912520097,5
C2040,28912520097,5
C2114,23976675758,5
C820,23976675758,5
C2442,23976675758,5
C3502,23976675758,5
C1928,23976675758,5
C1439,5510924630,5
C2087,5510924630,5
C1530,5510924630,5
C3241,5510924630,5
C1343,28160328552,5
C871,28160328552,5
C3398,28160328552,5
C3299,28160328552,5
C1668,28160328552,5
C2986,28160328552,5
C308,23585466543,3
C3033,23585466543,5
C3220,23585466543,5
C1601,23585466543,5
C1792,23585466543,1
C3073,10689530920,5
C1966,10689530920,4
C2588,10689530920,5
C1953,23647446910,5
C1631,23647446910,5
C391,14797759607,5
C1747,14797759607,5
C2571,14797759607,5
C2710,18159699346,5
C2229,18159699346,5
C1184,18159699346,5
C379,27415868755,5
C3507,27415868755,5
C2291,27415868755,5
C2839,27415868755,5
C1646,27415868755,5
C047,14091325726,5
C1248,14091325726,5
C1004,14091325726,5
C2146,14091325726,5
C1277,14091325726,5
C647,25207213763,5
C2090,25207213763,5
C286,25014955126,5
C085,25014955126,5
C150,22761431848,5
C332,22761431848,5
C1259,22761431848,5
C714,22761431848,5
C2402,22761431848,3
C887,28001052173,5
C3451,28001052173,5
C3453,28001052173,5
C3261,28001052173,5
C3481,28001052173,5
C799,11169468094,5
C2508,11169468094,5
C191,11169468094,5
C1413,11169468094,5
C272,11169468094,5
C2965,11169468094,5
C102,24560526793,5
C3246,24560526793,5
C3237,24560526793,5
C113,24560526793,5
C3249,24560526793,5
C119,24560526793,5
C2416,26711547033,5
C1812,26711547033,5
C2458,26711547033,5
C2476,26711547033,5
C3320,26711547033,5
C1801,25139001807,5
C2961,25139001807,5
C438,25139001807,5
C3358,25139001807,5
C1211,21386908341,5
C2299,13844655752,5
C403,13844655752,5
C3126,13844655752,5
C2819,13844655752,5
C145,13844655752,5
C2889,21595904366,5
C103,17697262629,5
C1545,17697262629,5
C3117,17697262629,5
C1569,19159289667,5
C738,19159289667,5
C006,19159289667,5
C1038,19159289667,5
C063,19159289667,5
C3242,19159289667,5
C2952,28658426354,5
C1282,28658426354,4
C3078,28658426354,5
C1345,28658426354,5
C2278,28658426354,5
C728,29603634859,5
C1106,29603634859,5
C963,29603634859,5
C3393,29603634859,5
C3182,16068813355,5
C663,16068813355,5
C2067,16068813355,5
C3007,16068813355,5
C2933,22454774393,5
C068,22454774393,5
C3407,22454774393,5
C2201,22454774393,5
C1596,22454774393,5
C3008,2180091950,5
C1128,2180091950,5
C1389,2180091950,5
C3213,2180091950,1
C1703,2180091950,5
C1648,2180091950,5
C2185,21989737056,5
C255,25970607666,5
C3463,25970607666,5
C1836,25970607666,5
C1305,25970607666,5
C3510,25970607666,5
C2283,25970607666,5
C2157,23244737354,5
C2584,23244737354,5
C1249,23244737354,5
C2490,23244737354,5
C3528,28604350619,5
C1790,28604350619,5
C2222,28604350619,5
C3167,25978063984,5
C2809,25978063984,5
C2691,25978063984,5
C3064,25978063984,5
C066,23974912499,5
C565,23974912499,1
C1402,23974912499,1
C2350,23974912499,5
C2362,23974912499,5
C2776,23974912499,5
C641,10044565340,5
C2991,10044565340,5
C2133,10044565340,5
C2990,10044565340,5
C210,10044565340,5
C1580,10044565340,5
C1578,29953401745,5
C077,29953401745,5
C1324,29953401745,5
C2013,29953401745,5
C3538,23954315340,5
C260,23954315340,5
C1831,23954315340,5
C467,23954315340,5
C470,23954315340,5
C1317,23954315340,5
C3338,23978230132,5
C065,23978230132,5
C2752,23978230132,5
C1148,11044701067,5
C1589,11044701067,5
C1923,11044701067,5
C1950,25265443872,5
C3263,25265443872,5
C1675,25265443872,5
C1561,25265443872,5
C1023,15894974520,5
C2988,15894974520,5
C2330,15894974520,5
C2576,15894974520,5
C2771,15894974520,5
C1032,15894974520,5
C742,29966133987,5
C2017,29966133987,5
C1911,29966133987,5
C1046,29966133987,5
C1963,29966133987,4
C874,26175397503,5
C1874,28859121279,5
C1743,28859121279,5
C2810,28859121279,5
C1910,28859121279,5
C1942,28859121279,5
C924,28859121279,5
C1509,23687691382,5
C2579,23687691382,5
C3391,23687691382,5
C3165,23687691382,5
C1602,21969523769,5
C720,21969523769,5
C1308,21969523769,5
C3500,20431843944,5
C1045,20431843944,5
C996,20431843944,5
C1570,20431843944,5
C2519,9894833067,5
C2086,9894833067,5
C1899,9894833067,5
C2600,9894833067,5
C2075,9894833067,5
C2621,29955999220,5
C1920,23968133858,5
C1701,23968133858,5
C633,23968133858,5
C2573,23968133858,5
C1636,27714042171,5
C3090,27714042171,5
C664,27714042171,5
C2586,27714042171,5
C1843,27714042171,5
C1231,27714042171,5
C457,25428077798,5
C2239,25428077798,5
C2004,25428077798,5
C3171,24778583516,5
C2408,24778583516,5
C3155,24778583516,5
C1302,24778583516,5
C3469,25350893412,5
C979,25350893412,5
C452,25350893412,5
C2261,25350893412,5
C2757,25350893412,5
C421,25350893412,5
C133,29823462597,5
C3403,29823462597,5
C060,29823462597,5
C368,29823462597,5
C250,29823462597,5
C1990,29823462597,5
C638,24305329748,5
C2217,24305329748,5
C242,23374217440,5
C1346,23374217440,5
C3202,23374217440,5
C2714,23374217440,5
C456,23374217440,5
C2418,25269620952,5
C1325,25269620952,5
C3514,25269620952,5
C2972,25269620952,5
C499,24958521295,5
C1714,24958521295,5
C2722,24958521295,5
C091,24958521295,5
C1900,24958521295,5
C1973,24922793076,5
C2814,24922793076,5
C1592,24922793076,5
C2665,24922793076,5
C3228,24922793076,5
C3264,25226455653,5
C1697,25226455653,5
C109,25226455653,5
C2124,25226455653,5
C390,25226455653,5
C1339,23837032166,5
C1090,23850534106,5
C1994,23850534106,5
C338,23850534106,5
C415,23850534106,1
C1587,23850534106,5
C2105,23933019894,5
C1826,19660535810,5
C649,19660535810,5
C1869,19660535810,5
C1118,19660535810,5
C2377,19660535810,5
C2491,11363628227,5
C314,11363628227,5
C2215,11363628227,5
C2092,11363628227,5
C1620,23353033289,5
C2639,23353033289,5
C1245,23353033289,5
C1445,23353033289,3
C3340,29805976712,5
C1408,29805976712,5
C2392,29954805509,5
C1862,29954805509,5
C745,29954805509,5
C263,29954805509,5
C424,29954805509,5
C1579,29954805509,5
C2153,23976022994,5
C1395,23976022994,5
C853,23976022994,5
C1789,23976022994,5
C3025,23976022994,5
C3129,23976022994,5
C1819,25609881869,4
C3152,25609881869,5
C635,25609881869,4
C2692,25609881869,5
C1640,25609881869,5
C3222,25609881869,5
C1356,15956044420,5
C2885,15956044420,5
C3039,15956044420,5
C3290,15956044420,5
C1736,15956044420,5
C439,29101134947,5
C2062,29101134947,5
C2349,29101134947,5
C146,29101134947,5
C1970,29101134947,5
C2898,6331595035,5
C2492,6331595035,5
C1762,6331595035,5
C762,6331595035,5
C1474,6331595035,5
C3433,6331595035,5
C864,28856917794,5
C3198,28856917794,5
C1021,28856917794,5
C2347,28856917794,5
C357,28856917794,5
C568,28856917794,5
C2387,21880794788,5
C1183,21880794788,5
C2163,21880794788,5
C2091,21880794788,5
C1185,21880794788,5
C930,26859498385,5
C1168,26859498385,5
C078,26859498385,5
C2378,26859498385,5
